strategy,ann_return,ann_vol,sharpe,max_drawdown,avg_turnover,ann_return_net,sharpe_net
MaxSharpe · hist · muestral,0.14705620360520116,0.195618822186287,0.7517487425885845,-0.33658430822147745,0.2936237005536795,0.14000923479191285,0.7157247611816343
MaxSharpe · hist · RMT,0.14695258554494695,0.1967618502719753,0.7468550704408442,-0.33574508225292155,0.3018175519046602,0.1397089642992351,0.7100409154829633
MaxSharpe · hist · Ledoit-Wolf,0.1458790325675672,0.19783698527847143,0.7373698722826308,-0.3411075307427194,0.30591157620860293,0.13853715473856074,0.7002591277033391
1/N (equiponderado),0.07202261556446049,0.17344562068892966,0.41524608853417655,-0.3579453577277515,0.0,0.07202261556446049,0.41524608853417655
MinVar · muestral,0.06049663011919788,0.14511955264444357,0.41687442537409325,-0.2685315651647613,0.10369199294599286,0.058008022288494054,0.3997257518469556
MinVar · Ledoit-Wolf,0.05520974512107413,0.1443942240109106,0.38235424927317324,-0.28326223355650537,0.07711383988490068,0.05335901296383651,0.36953703189543535
MinVar · RMT,0.05288312163521457,0.14435272651884515,0.3663465381674707,-0.2766714237893838,0.09056293716782438,0.050709611143186784,0.3512895971283693
MaxSharpe · BL · Ledoit-Wolf,0.0607447179667261,0.17226795979190831,0.35261761989927143,-0.37695969186896217,0.011554210344252146,0.060467416918464044,0.3510079122751896
MaxSharpe · BL · RMT,0.05978274675191689,0.17211328137883627,0.3473453429798359,-0.3766075578387178,0.009457654166097689,0.05955576305193054,0.34602653888657864
